ID_Venta,ID_Cliente,ID_Vehiculo,ID_Sucursal,ID_Tiempo,Fecha_de_alquiler,Monto_de_alquiler,Duracion_de_alquiler
1,1,1,1,1,2021-08-22,2886.46,13
2,2,2,2,2,2022-01-03,4010.46,19
3,3,3,3,3,2024-06-15,8236.1,19
4,4,4,4,4,2022-06-02,8596.2,28
5,5,5,5,5,2021-09-16,2141.38,23
6,6,6,6,6,2023-11-13,237.62,10
7,7,7,7,7,2023-01-22,6013.93,5
8,8,8,8,8,2023-08-16,7683.01,2
9,9,9,9,9,2022-10-31,3334.62,27
10,10,10,10,10,2021-01-22,8170.5,4
11,11,11,11,11,2021-08-27,834.31,2
12,12,12,12,12,2024-04-09,4149.69,21
13,13,13,13,13,2024-04-22,9591.34,23
14,14,14,14,14,2022-04-03,2691.27,25
15,15,15,15,15,2021-04-09,7807.0,9
16,16,16,16,16,2021-02-21,7561.12,3
17,17,17,17,17,2023-09-04,5532.33,5
18,18,18,18,18,2021-09-21,4265.48,9
19,19,19,19,19,2021-02-23,6592.94,22
20,20,20,20,20,2021-01-21,7009.64,2
21,21,21,21,21,2021-08-06,6960.46,22
22,22,22,22,22,2023-10-20,3431.33,19
23,23,23,23,23,2024-02-04,6129.32,2
24,24,24,24,24,2023-03-23,5483.59,7
25,25,25,25,25,2023-03-01,9459.61,9
26,26,26,26,26,2023-09-24,4675.11,15
27,27,27,27,27,2023-07-10,4838.88,13
28,28,28,28,28,2022-12-18,7359.62,19
29,29,29,29,29,2023-01-26,3141.96,5
30,30,30,30,30,2021-11-25,2645.38,3
31,31,31,31,31,2022-11-10,8144.49,20
32,32,32,32,32,2023-05-02,5548.64,12
33,33,33,33,33,2024-03-07,9946.54,5
34,34,34,34,34,2021-11-20,8859.57,26
35,35,35,35,35,2024-05-15,3418.42,17
36,36,36,36,36,2024-06-10,379.7,2
37,37,37,37,37,2021-06-30,6572.35,7
38,38,38,38,38,2023-01-15,3594.97,19
39,39,39,39,39,2024-05-26,4608.25,2
40,40,40,40,40,2023-12-21,3120.51,28
41,41,41,41,41,2023-07-27,2804.41,12
42,42,42,42,42,2024-05-14,7577.82,8
43,43,43,43,43,2024-05-27,1213.14,18
44,44,44,44,44,2023-01-13,5327.26,1
45,45,45,45,45,2022-02-01,9413.62,10
46,46,46,46,46,2021-02-08,179.26,24
47,47,47,47,47,2023-07-04,5065.4,25
48,48,48,48,48,2020-12-13,1633.47,21
49,49,49,49,49,2024-03-28,9700.36,17
50,50,50,50,50,2021-11-03,7878.07,20
51,51,51,51,51,2021-04-17,4615.58,21
52,52,52,52,52,2020-12-24,6157.98,24
53,53,53,53,53,2023-02-03,3556.51,17
54,54,54,54,54,2021-05-22,9899.58,18
55,55,55,55,55,2022-06-28,2592.15,5
56,56,56,56,56,2020-12-04,3618.44,23
57,57,57,57,57,2024-06-26,927.49,26
58,58,58,58,58,2022-06-03,7321.01,11
59,59,59,59,59,2020-10-31,7214.74,5
60,60,60,60,60,2023-01-24,2460.93,3
61,61,61,61,61,2020-11-01,9396.04,16
62,62,62,62,62,2020-11-03,3955.32,25
63,63,63,63,63,2021-12-09,1841.22,12
64,64,64,64,64,2021-08-04,1160.94,18
65,65,65,65,65,2021-01-02,6876.13,24
66,66,66,66,66,2024-05-09,6294.31,4
67,67,67,67,67,2020-11-13,1945.54,11
68,68,68,68,68,2021-12-17,3461.72,3
69,69,69,69,69,2022-02-15,2155.24,9
70,70,70,70,70,2024-05-19,4855.34,15
71,71,71,71,71,2023-10-13,9314.88,3
72,72,72,72,72,2020-12-06,4580.77,7
73,73,73,73,73,2022-07-15,6657.83,14
74,74,74,74,74,2023-11-09,2341.02,1
75,75,75,75,75,2022-02-02,7192.83,28
76,76,76,76,76,2022-11-03,7272.35,1
77,77,77,77,77,2022-04-29,7461.93,8
78,78,78,78,78,2023-07-09,7982.46,19
79,79,79,79,79,2022-04-14,4711.83,28
80,80,80,80,80,2022-09-12,1227.65,16
81,81,81,81,81,2020-11-20,1698.15,17
82,82,82,82,82,2021-09-12,8102.52,18
83,83,83,83,83,2024-04-23,6979.09,18
84,84,84,84,84,2022-09-01,8672.2,9
85,85,85,85,85,2022-08-28,9618.41,26
86,86,86,86,86,2024-08-30,8637.68,27
87,87,87,87,87,2024-01-07,2116.69,14
88,88,88,88,88,2024-03-14,6742.82,28
89,89,89,89,89,2022-03-08,8930.35,2
90,90,90,90,90,2024-01-26,7153.29,18
91,91,91,91,91,2023-08-07,5384.08,1
92,92,92,92,92,2023-03-22,4770.15,9
93,93,93,93,93,2021-10-30,1511.66,28
94,94,94,94,94,2022-05-28,1783.55,28
95,95,95,95,95,2020-12-01,2333.45,17
96,96,96,96,96,2023-05-07,165.25,1
97,97,97,97,97,2023-08-12,9353.27,12
98,98,98,98,98,2023-09-20,6789.9,19
99,99,99,99,99,2024-02-17,8259.15,25
100,100,100,100,100,2023-11-20,8450.02,1
101,101,101,101,101,2022-03-17,5891.83,20
102,102,102,102,102,2022-09-03,5986.09,6
103,103,103,103,103,2024-02-01,4703.86,7
104,104,104,104,104,2023-10-23,7565.37,7
105,105,105,105,105,2021-06-12,7884.66,26
106,106,106,106,106,2023-01-17,2349.72,13
107,107,107,107,107,2023-02-22,1644.6,2
108,108,108,108,108,2022-01-05,7307.1,19
109,109,109,109,109,2022-12-02,4724.52,15
110,110,110,110,110,2021-08-16,9060.65,26
111,111,111,111,111,2021-10-18,3115.64,3
112,112,112,112,112,2024-09-12,5403.9,24
113,113,113,113,113,2023-11-22,6115.42,20
114,114,114,114,114,2024-04-26,2147.17,23
115,115,115,115,115,2021-11-04,8351.52,30
116,116,116,116,116,2022-12-09,4554.28,23
117,117,117,117,117,2023-02-10,9977.56,9
118,118,118,118,118,2022-11-01,1770.93,13
119,119,119,119,119,2023-03-28,3174.98,27
120,120,120,120,120,2024-10-01,5691.06,5
121,121,121,121,121,2024-05-16,6086.1,15
122,122,122,122,122,2024-07-13,3120.09,29
123,123,123,123,123,2021-08-11,214.1,8
124,124,124,124,124,2024-03-12,4528.79,24
125,125,125,125,125,2021-09-11,8131.19,6
126,126,126,126,126,2021-09-05,6132.81,20
127,127,127,127,127,2024-08-23,3236.89,14
128,128,128,128,128,2023-11-24,7355.8,20
129,129,129,129,129,2022-08-26,3720.09,29
130,130,130,130,130,2022-04-29,6744.17,10
131,131,131,131,131,2023-09-11,7550.33,24
132,132,132,132,132,2023-10-10,361.0,27
133,133,133,133,133,2023-12-16,5495.91,30
134,134,134,134,134,2024-01-22,5194.56,29
135,135,135,135,135,2022-05-12,9293.92,9
136,136,136,136,136,2022-06-14,2603.18,22
137,137,137,137,137,2023-06-24,6358.02,5
138,138,138,138,138,2020-10-19,5213.55,2
139,139,139,139,139,2021-04-06,1162.11,4
140,140,140,140,140,2024-03-28,2503.14,22
141,141,141,141,141,2021-04-17,6244.77,18
142,142,142,142,142,2023-01-22,9517.02,30
143,143,143,143,143,2021-04-03,323.96,2
144,144,144,144,144,2023-01-09,3439.55,25
145,145,145,145,145,2024-03-29,7209.09,22
146,146,146,146,146,2023-12-22,7974.51,1
147,147,147,147,147,2021-12-02,6764.92,18
148,148,148,148,148,2023-09-27,4551.92,8
149,149,149,149,149,2024-05-08,1797.66,21
150,150,150,150,150,2021-05-09,618.71,5
151,151,151,151,151,2022-06-05,6819.54,8
152,152,152,152,152,2022-02-22,1201.34,12
153,153,153,153,153,2024-06-19,1448.51,27
154,154,154,154,154,2022-11-08,1626.94,26
155,155,155,155,155,2022-08-12,8993.94,26
156,156,156,156,156,2022-02-14,2801.85,19
157,157,157,157,157,2021-02-17,4767.53,6
158,158,158,158,158,2022-01-05,5566.13,11
159,159,159,159,159,2022-04-18,1122.61,13
160,160,160,160,160,2021-12-02,4983.42,21
161,161,161,161,161,2023-04-27,4096.12,6
162,162,162,162,162,2023-10-09,9731.82,23
163,163,163,163,163,2022-02-21,5674.0,12
164,164,164,164,164,2022-04-07,8638.64,26
165,165,165,165,165,2023-02-19,4660.11,11
166,166,166,166,166,2021-10-22,9656.05,13
167,167,167,167,167,2021-10-26,3026.8,24
168,168,168,168,168,2022-08-07,2900.1,15
169,169,169,169,169,2023-05-12,4295.06,30
170,170,170,170,170,2024-01-02,8136.29,27
171,171,171,171,171,2020-10-19,2670.42,24
172,172,172,172,172,2023-02-06,7796.46,22
173,173,173,173,173,2021-01-01,5206.21,15
174,174,174,174,174,2023-01-29,8989.7,2
175,175,175,175,175,2024-09-18,3863.4,15
176,176,176,176,176,2023-10-02,8096.34,25
177,177,177,177,177,2024-01-11,5983.5,25
178,178,178,178,178,2024-09-27,6485.28,22
179,179,179,179,179,2024-07-01,1507.39,11
180,180,180,180,180,2024-09-23,9936.88,25
181,181,181,181,181,2021-09-18,9714.71,29
182,182,182,182,182,2024-04-02,2216.78,28
183,183,183,183,183,2024-03-29,9711.78,20
184,184,184,184,184,2024-08-30,3053.22,25
185,185,185,185,185,2023-06-24,3577.81,5
186,186,186,186,186,2024-08-04,6425.94,4
187,187,187,187,187,2023-04-01,2409.51,10
188,188,188,188,188,2021-09-27,5233.85,9
189,189,189,189,189,2024-10-06,4828.13,5
190,190,190,190,190,2024-08-19,6093.99,10
191,191,191,191,191,2021-04-16,9345.15,13
192,192,192,192,192,2024-09-06,3653.09,29
193,193,193,193,193,2022-12-20,9305.62,8
194,194,194,194,194,2022-10-25,7651.86,24
195,195,195,195,195,2023-01-24,289.72,30
196,196,196,196,196,2024-03-08,8744.7,20
197,197,197,197,197,2022-09-16,4396.25,25
198,198,198,198,198,2020-11-10,476.66,12
199,199,199,199,199,2022-08-22,2001.9,11
200,200,200,200,200,2023-09-22,5131.46,5
201,201,201,201,201,2023-02-20,2526.17,25
202,202,202,202,202,2022-02-08,8517.89,13
203,203,203,203,203,2024-05-05,6821.37,30
204,204,204,204,204,2023-05-26,2787.03,25
205,205,205,205,205,2020-12-14,1337.56,28
206,206,206,206,206,2022-03-18,253.76,18
207,207,207,207,207,2024-01-12,1357.46,10
208,208,208,208,208,2021-03-06,743.13,14
209,209,209,209,209,2022-05-10,5243.06,7
210,210,210,210,210,2024-01-02,9467.25,14
211,211,211,211,211,2024-05-25,6597.9,23
212,212,212,212,212,2023-04-18,3318.05,18
213,213,213,213,213,2024-02-11,7553.77,26
214,214,214,214,214,2021-04-10,3920.89,25
215,215,215,215,215,2023-12-05,7478.76,6
216,216,216,216,216,2024-07-11,785.29,9
217,217,217,217,217,2023-06-24,125.6,28
218,218,218,218,218,2023-02-27,7413.46,17
219,219,219,219,219,2024-09-06,2211.12,2
220,220,220,220,220,2024-06-25,3899.24,24
221,221,221,221,221,2022-02-05,8161.87,14
222,222,222,222,222,2021-09-23,2908.19,4
223,223,223,223,223,2024-07-11,4275.56,14
224,224,224,224,224,2022-11-13,8623.64,18
225,225,225,225,225,2022-06-18,5745.58,27
226,226,226,226,226,2024-02-28,2153.67,18
227,227,227,227,227,2022-10-09,1381.63,10
228,228,228,228,228,2024-05-17,9730.25,11
229,229,229,229,229,2022-04-30,9689.91,7
230,230,230,230,230,2023-06-11,9114.1,20
231,231,231,231,231,2021-01-10,6130.82,5
232,232,232,232,232,2023-01-30,9080.21,30
233,233,233,233,233,2021-12-09,5813.18,14
234,234,234,234,234,2021-06-04,5391.85,6
235,235,235,235,235,2021-12-04,7960.81,11
236,236,236,236,236,2021-12-22,4900.08,29
237,237,237,237,237,2023-11-11,6027.77,13
238,238,238,238,238,2020-10-08,5978.86,27
239,239,239,239,239,2023-01-25,3677.63,16
240,240,240,240,240,2023-10-26,8597.2,12
241,241,241,241,241,2023-06-19,1292.89,12
242,242,242,242,242,2021-01-05,8826.7,14
243,243,243,243,243,2024-05-22,4595.91,12
244,244,244,244,244,2024-03-29,1996.02,26
245,245,245,245,245,2024-10-02,1191.16,5
246,246,246,246,246,2023-12-02,9354.79,26
247,247,247,247,247,2024-07-11,7042.32,24
248,248,248,248,248,2023-03-19,8756.38,3
249,249,249,249,249,2020-10-21,7001.08,30
250,250,250,250,250,2021-07-09,7661.18,12
251,251,251,251,251,2021-03-29,795.06,24
252,252,252,252,252,2022-02-05,3210.48,17
253,253,253,253,253,2022-03-26,2552.46,18
254,254,254,254,254,2022-06-23,5666.35,10
255,255,255,255,255,2024-08-01,1843.0,7
256,256,256,256,256,2021-02-20,9465.4,13
257,257,257,257,257,2021-02-08,6333.17,10
258,258,258,258,258,2024-03-11,7887.01,18
259,259,259,259,259,2021-02-23,1400.4,9
260,260,260,260,260,2021-09-28,2007.72,9
261,261,261,261,261,2023-08-14,3173.97,15
262,262,262,262,262,2022-07-20,4502.92,27
263,263,263,263,263,2021-05-30,9697.77,22
264,264,264,264,264,2021-03-10,6431.45,17
265,265,265,265,265,2024-03-10,238.77,2
266,266,266,266,266,2021-10-02,2305.64,11
267,267,267,267,267,2021-05-16,1156.82,29
268,268,268,268,268,2021-06-15,7247.07,5
269,269,269,269,269,2022-08-11,5354.37,4
270,270,270,270,270,2022-06-16,1262.5,19
271,271,271,271,271,2024-03-05,6160.34,1
272,272,272,272,272,2023-12-02,1132.65,19
273,273,273,273,273,2021-05-09,3905.48,23
274,274,274,274,274,2022-08-14,6660.12,24
275,275,275,275,275,2022-04-26,3586.99,21
276,276,276,276,276,2021-07-30,5002.28,10
277,277,277,277,277,2023-09-17,1541.19,2
278,278,278,278,278,2022-11-14,7465.13,3
279,279,279,279,279,2021-04-10,1858.55,22
280,280,280,280,280,2023-08-17,4035.7,26
281,281,281,281,281,2022-12-30,5971.82,10
282,282,282,282,282,2024-04-12,7575.97,29
283,283,283,283,283,2021-09-18,4915.94,5
284,284,284,284,284,2023-03-12,579.37,30
285,285,285,285,285,2024-06-24,4843.34,1
286,286,286,286,286,2023-10-31,493.73,23
287,287,287,287,287,2024-04-11,6161.42,28
288,288,288,288,288,2022-06-26,6689.26,19
289,289,289,289,289,2023-01-24,6885.99,17
290,290,290,290,290,2024-08-22,8636.88,11
291,291,291,291,291,2020-10-21,5189.54,2
292,292,292,292,292,2023-05-25,9283.57,1
293,293,293,293,293,2023-11-05,2027.47,30
294,294,294,294,294,2022-10-11,6812.27,16
295,295,295,295,295,2023-11-05,8404.84,21
296,296,296,296,296,2023-04-06,2439.72,18
297,297,297,297,297,2022-03-24,4962.39,29
298,298,298,298,298,2023-10-03,250.88,27
299,299,299,299,299,2024-03-26,8148.16,21
300,300,300,300,300,2023-06-19,7760.51,22
301,301,301,301,301,2023-04-01,6283.02,10
302,302,302,302,302,2021-08-29,4404.23,22
303,303,303,303,303,2022-06-14,2049.66,26
304,304,304,304,304,2023-06-22,827.83,28
305,305,305,305,305,2021-11-23,7045.37,26
306,306,306,306,306,2022-05-09,4575.88,2
307,307,307,307,307,2021-06-24,9210.96,18
308,308,308,308,308,2021-05-15,1543.66,14
309,309,309,309,309,2024-04-16,1745.7,14
310,310,310,310,310,2022-09-26,1311.0,19
311,311,311,311,311,2022-06-30,942.95,22
312,312,312,312,312,2024-02-06,8489.35,22
313,313,313,313,313,2022-09-04,8820.93,7
314,314,314,314,314,2024-01-12,4701.5,24
315,315,315,315,315,2023-12-16,6918.37,28
316,316,316,316,316,2022-10-24,3316.39,22
317,317,317,317,317,2020-11-06,9555.32,28
318,318,318,318,318,2022-07-12,1583.35,19
319,319,319,319,319,2023-06-02,6491.63,29
320,320,320,320,320,2021-10-11,5579.79,3
321,321,321,321,321,2022-05-04,1285.93,20
322,322,322,322,322,2022-12-09,4166.75,21
323,323,323,323,323,2022-04-22,2603.73,26
324,324,324,324,324,2024-04-15,6003.11,24
325,325,325,325,325,2021-06-06,9418.12,4
326,326,326,326,326,2021-12-09,6001.16,9
327,327,327,327,327,2021-05-10,3304.6,8
328,328,328,328,328,2021-11-15,1547.22,2
329,329,329,329,329,2023-08-01,9059.67,10
330,330,330,330,330,2023-10-31,271.54,25
331,331,331,331,331,2022-03-27,158.96,16
332,332,332,332,332,2022-10-28,1280.98,16
333,333,333,333,333,2022-09-13,691.56,12
334,334,334,334,334,2023-05-04,2050.32,21
335,335,335,335,335,2023-01-22,6410.88,29
336,336,336,336,336,2021-07-19,2081.86,11
337,337,337,337,337,2023-06-04,8425.48,18
338,338,338,338,338,2024-08-13,6641.74,30
339,339,339,339,339,2022-02-06,6062.0,7
340,340,340,340,340,2023-11-20,1255.86,22
341,341,341,341,341,2022-05-20,5351.87,26
342,342,342,342,342,2023-11-12,4354.99,30
343,343,343,343,343,2021-01-26,2820.12,22
344,344,344,344,344,2020-12-09,6842.51,3
345,345,345,345,345,2022-01-09,8314.52,24
346,346,346,346,346,2021-08-12,2911.51,14
347,347,347,347,347,2021-04-16,2677.31,22
348,348,348,348,348,2021-04-06,7947.79,3
349,349,349,349,349,2023-03-21,1790.62,17
350,350,350,350,350,2021-04-19,2637.85,11
351,351,351,351,351,2020-12-29,7220.11,2
352,352,352,352,352,2024-08-07,4039.44,6
353,353,353,353,353,2024-04-26,1807.27,7
354,354,354,354,354,2023-06-19,8588.27,6
355,355,355,355,355,2021-06-27,6851.79,23
356,356,356,356,356,2021-10-12,805.3,4
357,357,357,357,357,2020-11-15,9445.19,21
358,358,358,358,358,2021-04-19,3066.93,8
359,359,359,359,359,2024-02-20,8810.81,15
360,360,360,360,360,2023-08-26,3443.73,5
361,361,361,361,361,2022-07-14,6140.12,13
362,362,362,362,362,2023-03-15,1543.88,20
363,363,363,363,363,2024-06-30,1647.59,15
364,364,364,364,364,2023-03-01,2188.14,16
365,365,365,365,365,2023-05-21,6803.69,6
366,366,366,366,366,2023-05-26,9284.32,24
367,367,367,367,367,2023-02-02,8554.27,12
368,368,368,368,368,2024-05-16,6503.54,23
369,369,369,369,369,2023-06-13,1470.86,4
370,370,370,370,370,2021-09-02,4755.07,1
371,371,371,371,371,2024-09-14,6415.84,29
372,372,372,372,372,2022-05-03,5084.87,12
373,373,373,373,373,2021-09-23,8868.83,2
374,374,374,374,374,2023-02-07,3218.92,22
375,375,375,375,375,2023-12-04,5257.29,17
376,376,376,376,376,2021-03-11,9855.99,15
377,377,377,377,377,2021-03-21,7519.55,4
378,378,378,378,378,2022-03-11,5245.33,1
379,379,379,379,379,2022-06-01,196.83,5
380,380,380,380,380,2020-10-21,7823.75,15
381,381,381,381,381,2024-02-19,7237.16,6
382,382,382,382,382,2023-05-26,4883.89,7
383,383,383,383,383,2023-02-08,4409.5,30
384,384,384,384,384,2021-06-10,8974.15,21
385,385,385,385,385,2022-01-09,6390.48,3
386,386,386,386,386,2022-09-15,5314.01,12
387,387,387,387,387,2022-06-29,6070.67,24
388,388,388,388,388,2022-12-09,4315.69,18
389,389,389,389,389,2024-04-19,7778.73,14
390,390,390,390,390,2021-05-23,4390.28,16
391,391,391,391,391,2022-12-01,8221.14,24
392,392,392,392,392,2023-03-19,3827.43,4
393,393,393,393,393,2023-08-03,6955.97,10
394,394,394,394,394,2023-01-05,3647.97,1
395,395,395,395,395,2022-10-11,323.77,28
396,396,396,396,396,2023-01-23,3573.34,24
397,397,397,397,397,2023-07-03,4725.0,16
398,398,398,398,398,2022-03-03,6581.75,22
399,399,399,399,399,2022-05-28,4935.58,22
400,400,400,400,400,2024-02-26,7547.1,9
401,401,401,401,401,2021-08-21,4178.11,1
402,402,402,402,402,2021-04-11,3711.14,16
403,403,403,403,403,2023-10-18,3697.68,21
404,404,404,404,404,2021-07-01,1030.87,4
405,405,405,405,405,2022-07-29,9260.28,2
406,406,406,406,406,2024-08-05,1386.24,10
407,407,407,407,407,2022-05-26,1419.01,22
408,408,408,408,408,2024-05-22,5995.55,23
409,409,409,409,409,2023-12-13,1755.37,7
410,410,410,410,410,2024-08-12,1046.35,26
411,411,411,411,411,2023-11-20,873.83,9
412,412,412,412,412,2023-09-22,3039.89,10
413,413,413,413,413,2022-12-18,3964.2,24
414,414,414,414,414,2021-10-03,4173.99,15
415,415,415,415,415,2021-08-02,2732.03,17
416,416,416,416,416,2022-03-10,2544.92,29
417,417,417,417,417,2021-07-19,8390.45,28
418,418,418,418,418,2024-03-02,7482.58,12
419,419,419,419,419,2022-05-15,9441.88,5
420,420,420,420,420,2023-04-19,4993.25,18
421,421,421,421,421,2022-11-05,6499.08,13
422,422,422,422,422,2021-11-05,8884.35,8
423,423,423,423,423,2023-03-11,1217.14,2
424,424,424,424,424,2024-09-10,6243.66,2
425,425,425,425,425,2021-11-17,379.17,15
426,426,426,426,426,2024-05-15,8741.02,6
427,427,427,427,427,2023-05-08,9752.61,14
428,428,428,428,428,2024-10-03,8774.45,14
429,429,429,429,429,2021-04-28,696.44,30
430,430,430,430,430,2022-12-08,3606.71,10
431,431,431,431,431,2024-08-13,5685.02,15
432,432,432,432,432,2021-03-16,9352.72,3
433,433,433,433,433,2023-12-27,3378.28,10
434,434,434,434,434,2022-06-25,5591.87,3
435,435,435,435,435,2022-08-31,8432.33,13
436,436,436,436,436,2021-05-17,7772.79,10
437,437,437,437,437,2022-03-23,6680.0,25
438,438,438,438,438,2023-04-25,3304.8,28
439,439,439,439,439,2022-08-19,4483.13,5
440,440,440,440,440,2024-07-02,7212.16,28
441,441,441,441,441,2023-10-07,3301.46,15
442,442,442,442,442,2023-04-19,6826.06,28
443,443,443,443,443,2022-02-28,7866.95,8
444,444,444,444,444,2020-11-14,8317.56,29
445,445,445,445,445,2021-10-04,6732.56,5
446,446,446,446,446,2023-07-02,7795.78,28
447,447,447,447,447,2021-02-09,2570.12,1
448,448,448,448,448,2023-06-27,2591.78,24
449,449,449,449,449,2020-10-17,5725.74,16
450,450,450,450,450,2022-11-02,9297.47,30
451,451,451,451,451,2021-03-26,7428.52,26
452,452,452,452,452,2021-08-02,9285.43,12
453,453,453,453,453,2020-12-21,517.66,20
454,454,454,454,454,2021-05-12,6306.38,4
455,455,455,455,455,2023-10-15,5045.38,1
456,456,456,456,456,2022-04-23,4491.72,10
457,457,457,457,457,2022-10-02,2722.62,25
458,458,458,458,458,2023-05-29,8096.91,26
459,459,459,459,459,2021-10-22,9457.88,3
460,460,460,460,460,2023-06-05,3225.11,12
461,461,461,461,461,2024-09-01,715.74,18
462,462,462,462,462,2023-08-08,5263.37,17
463,463,463,463,463,2022-06-07,8824.09,16
464,464,464,464,464,2021-11-03,9592.08,17
465,465,465,465,465,2024-02-28,5381.1,19
466,466,466,466,466,2023-01-14,8629.66,30
467,467,467,467,467,2022-11-05,6940.17,13
468,468,468,468,468,2021-06-01,2055.3,24
469,469,469,469,469,2022-11-25,6355.82,20
470,470,470,470,470,2021-12-22,5246.7,24
471,471,471,471,471,2022-03-21,3800.74,24
472,472,472,472,472,2022-11-19,1238.72,19
473,473,473,473,473,2020-12-03,8310.02,20
474,474,474,474,474,2021-08-08,6886.7,5
475,475,475,475,475,2024-07-30,2097.07,27
476,476,476,476,476,2024-06-23,2258.46,10
477,477,477,477,477,2024-01-02,1113.97,23
478,478,478,478,478,2020-12-05,8075.99,12
479,479,479,479,479,2021-10-23,829.48,10
480,480,480,480,480,2022-09-13,8154.6,7
481,481,481,481,481,2024-06-21,6991.17,28
482,482,482,482,482,2022-12-17,2215.49,18
483,483,483,483,483,2023-07-06,6576.24,19
484,484,484,484,484,2021-09-18,2617.05,3
485,485,485,485,485,2020-10-18,1366.72,26
486,486,486,486,486,2022-03-26,5231.33,6
487,487,487,487,487,2023-11-20,5471.29,27
488,488,488,488,488,2022-04-30,6315.36,5
489,489,489,489,489,2024-03-24,9868.54,5
490,490,490,490,490,2024-10-05,7088.8,13
491,491,491,491,491,2021-06-07,7914.93,21
492,492,492,492,492,2021-05-13,460.53,3
493,493,493,493,493,2024-05-31,234.79,21
494,494,494,494,494,2021-11-14,7186.75,11
495,495,495,495,495,2021-06-27,2265.03,10
496,496,496,496,496,2020-11-12,8791.68,13
497,497,497,497,497,2023-07-23,4254.82,24
498,498,498,498,498,2022-03-05,5096.66,30
499,499,499,499,499,2021-09-21,6002.44,28
500,500,500,500,500,2023-08-26,8563.02,3
501,501,501,501,501,2021-01-24,196.63,27
502,502,502,502,502,2023-03-23,1627.59,14
503,503,503,503,503,2022-04-06,8385.92,6
504,504,504,504,504,2023-10-11,4345.83,18
505,505,505,505,505,2022-10-21,7996.91,17
506,506,506,506,506,2021-06-28,4384.72,11
507,507,507,507,507,2024-02-20,4435.65,24
508,508,508,508,508,2023-09-17,2184.07,14
509,509,509,509,509,2024-07-07,5852.95,12
510,510,510,510,510,2021-03-20,5396.0,28
511,511,511,511,511,2020-12-25,8016.57,5
512,512,512,512,512,2020-11-22,3869.05,1
513,513,513,513,513,2022-02-07,786.34,22
514,514,514,514,514,2022-06-30,7911.38,11
515,515,515,515,515,2022-12-26,6429.94,2
516,516,516,516,516,2023-10-06,7519.36,6
517,517,517,517,517,2024-04-08,7126.41,3
518,518,518,518,518,2021-02-13,4472.98,4
519,519,519,519,519,2022-10-17,5723.45,4
520,520,520,520,520,2021-05-21,5609.14,10
521,521,521,521,521,2021-03-10,2044.09,11
522,522,522,522,522,2022-01-06,3958.3,26
523,523,523,523,523,2022-07-22,6152.88,12
524,524,524,524,524,2021-02-18,8654.71,10
525,525,525,525,525,2022-01-01,3184.84,6
526,526,526,526,526,2021-02-11,6959.28,8
527,527,527,527,527,2022-04-24,9881.04,17
528,528,528,528,528,2023-11-23,6974.8,24
529,529,529,529,529,2023-12-13,4308.77,21
530,530,530,530,530,2024-07-27,2937.97,20
531,531,531,531,531,2022-06-12,7632.51,26
532,532,532,532,532,2024-08-13,8103.22,13
533,533,533,533,533,2022-07-23,9689.7,7
534,534,534,534,534,2023-02-08,7944.3,20
535,535,535,535,535,2021-09-14,5665.31,24
536,536,536,536,536,2023-12-12,5896.08,22
537,537,537,537,537,2023-02-26,4629.97,27
538,538,538,538,538,2024-01-31,7631.85,20
539,539,539,539,539,2021-10-09,2581.66,14
540,540,540,540,540,2024-01-29,1098.93,29
541,541,541,541,541,2021-08-05,557.08,13
542,542,542,542,542,2023-06-01,9771.87,7
543,543,543,543,543,2020-12-11,775.26,11
544,544,544,544,544,2022-04-17,8126.18,20
545,545,545,545,545,2021-12-17,163.04,13
546,546,546,546,546,2024-05-23,1584.3,29
547,547,547,547,547,2023-03-31,769.56,29
548,548,548,548,548,2021-06-14,8251.88,5
549,549,549,549,549,2024-06-29,308.56,8
550,550,550,550,550,2022-04-24,1444.13,4
551,551,551,551,551,2023-12-22,5150.85,27
552,552,552,552,552,2022-07-05,9439.19,6
553,553,553,553,553,2023-02-19,8358.97,11
554,554,554,554,554,2024-07-19,1173.17,6
555,555,555,555,555,2023-09-14,4808.39,13
556,556,556,556,556,2022-10-25,9312.71,12
557,557,557,557,557,2024-03-17,4979.13,24
558,558,558,558,558,2021-12-18,4523.57,11
559,559,559,559,559,2021-06-18,7097.58,29
560,560,560,560,560,2021-08-18,7333.81,11
561,561,561,561,561,2021-12-01,851.37,15
562,562,562,562,562,2024-08-28,6821.0,18
563,563,563,563,563,2022-11-21,433.03,20
564,564,564,564,564,2021-03-30,7768.6,16
565,565,565,565,565,2020-12-09,3906.83,7
566,566,566,566,566,2023-02-27,9424.76,17
567,567,567,567,567,2024-01-31,1707.88,6
568,568,568,568,568,2021-12-01,6347.92,25
569,569,569,569,569,2024-03-11,2627.71,25
570,570,570,570,570,2024-05-08,6541.08,24
571,571,571,571,571,2022-12-21,5859.52,8
572,572,572,572,572,2020-12-09,8779.62,25
573,573,573,573,573,2023-05-06,9643.15,30
574,574,574,574,574,2023-05-04,8937.78,11
575,575,575,575,575,2021-03-27,7129.45,21
576,576,576,576,576,2023-03-10,1510.0,19
577,577,577,577,577,2022-01-04,9427.65,11
578,578,578,578,578,2021-05-18,9171.52,26
579,579,579,579,579,2022-06-01,2854.68,30
580,580,580,580,580,2022-10-13,4739.67,14
581,581,581,581,581,2024-02-06,9898.79,18
582,582,582,582,582,2021-01-22,7777.1,11
583,583,583,583,583,2023-07-24,446.15,5
584,584,584,584,584,2021-12-12,2564.97,19
585,585,585,585,585,2021-05-22,1895.19,3
586,586,586,586,586,2022-09-28,6621.17,29
587,587,587,587,587,2020-10-19,6263.86,7
588,588,588,588,588,2021-03-22,1489.63,1
589,589,589,589,589,2022-03-01,4799.03,30
590,590,590,590,590,2022-02-08,3660.09,7
591,591,591,591,591,2022-01-22,4599.52,22
592,592,592,592,592,2021-10-19,2412.45,26
593,593,593,593,593,2022-08-04,8197.82,17
594,594,594,594,594,2023-05-24,4951.12,1
595,595,595,595,595,2024-03-01,9106.79,10
596,596,596,596,596,2021-02-06,3919.83,19
597,597,597,597,597,2022-10-21,616.51,22
598,598,598,598,598,2021-10-16,1786.48,28
599,599,599,599,599,2024-01-07,6618.71,23
600,600,600,600,600,2021-10-28,1260.76,5
601,601,601,601,601,2022-03-01,8304.16,10
602,602,602,602,602,2023-12-20,2325.5,23
603,603,603,603,603,2022-11-24,9304.96,17
604,604,604,604,604,2021-12-26,9374.27,30
605,605,605,605,605,2024-06-10,5042.84,9
606,606,606,606,606,2022-06-01,6752.16,20
607,607,607,607,607,2021-11-21,7151.33,1
608,608,608,608,608,2022-03-04,5106.02,23
609,609,609,609,609,2022-06-04,3968.3,19
610,610,610,610,610,2021-02-24,5979.5,6
611,611,611,611,611,2023-07-02,5296.98,25
612,612,612,612,612,2024-02-18,1223.5,9
613,613,613,613,613,2024-06-21,2340.25,17
614,614,614,614,614,2022-09-05,6031.56,7
615,615,615,615,615,2024-02-06,1861.2,5
616,616,616,616,616,2024-09-18,7666.6,25
617,617,617,617,617,2021-06-15,7975.99,2
618,618,618,618,618,2020-12-08,5697.65,2
619,619,619,619,619,2021-11-05,8634.09,12
620,620,620,620,620,2023-05-24,674.84,15
621,621,621,621,621,2021-10-29,3100.84,10
622,622,622,622,622,2021-09-01,2152.61,25
623,623,623,623,623,2023-07-31,3188.13,18
624,624,624,624,624,2021-12-28,7332.41,16
625,625,625,625,625,2023-04-03,8253.39,8
626,626,626,626,626,2024-04-04,4391.55,1
627,627,627,627,627,2021-12-18,5432.51,26
628,628,628,628,628,2021-08-08,7027.39,17
629,629,629,629,629,2020-11-26,8586.99,12
630,630,630,630,630,2023-06-07,2569.25,27
631,631,631,631,631,2021-06-27,2434.98,9
632,632,632,632,632,2021-12-24,6087.41,28
633,633,633,633,633,2023-11-02,6261.18,17
634,634,634,634,634,2024-09-15,342.62,25
635,635,635,635,635,2021-03-17,1657.73,19
636,636,636,636,636,2022-06-08,2093.46,21
637,637,637,637,637,2022-06-19,2508.59,4
638,638,638,638,638,2022-12-28,3912.61,26
639,639,639,639,639,2022-11-08,8740.62,21
640,640,640,640,640,2021-10-22,8571.28,7
641,641,641,641,641,2024-07-29,3833.54,1
642,642,642,642,642,2023-03-09,8742.96,21
643,643,643,643,643,2022-03-24,4492.66,23
644,644,644,644,644,2023-07-05,1884.06,20
645,645,645,645,645,2023-12-30,3029.17,28
646,646,646,646,646,2023-02-23,2965.03,19
647,647,647,647,647,2023-03-15,9889.96,16
648,648,648,648,648,2020-11-30,3091.87,26
649,649,649,649,649,2022-12-06,5606.08,21
650,650,650,650,650,2021-06-20,3981.34,11
651,651,651,651,651,2024-08-31,6384.55,29
652,652,652,652,652,2021-03-13,9642.69,29
653,653,653,653,653,2023-03-23,7010.23,25
654,654,654,654,654,2023-12-31,9776.97,10
655,655,655,655,655,2022-07-22,8344.93,30
656,656,656,656,656,2022-06-05,7197.97,20
657,657,657,657,657,2021-11-18,8579.54,10
658,658,658,658,658,2021-08-16,363.42,18
659,659,659,659,659,2023-12-09,6947.65,1
660,660,660,660,660,2021-06-02,5205.11,4
661,661,661,661,661,2024-04-10,5750.69,18
662,662,662,662,662,2024-01-07,5737.28,11
663,663,663,663,663,2021-06-11,9358.75,2
664,664,664,664,664,2021-12-08,1956.41,24
665,665,665,665,665,2024-04-03,2660.74,4
666,666,666,666,666,2023-06-21,878.12,25
667,667,667,667,667,2021-04-07,4038.35,8
668,668,668,668,668,2024-01-28,5043.9,26
669,669,669,669,669,2024-05-15,1051.99,24
670,670,670,670,670,2021-12-08,7477.53,25
671,671,671,671,671,2023-07-25,9003.23,17
672,672,672,672,672,2024-04-28,387.86,24
673,673,673,673,673,2023-07-09,113.23,26
674,674,674,674,674,2023-03-06,6199.13,10
675,675,675,675,675,2023-07-13,3802.08,7
676,676,676,676,676,2024-03-13,3737.02,6
677,677,677,677,677,2023-03-01,7894.32,5
678,678,678,678,678,2021-11-21,8868.77,7
679,679,679,679,679,2022-02-09,7363.22,1
680,680,680,680,680,2023-01-03,7397.32,8
681,681,681,681,681,2023-02-01,5706.5,15
682,682,682,682,682,2021-02-20,1200.65,20
683,683,683,683,683,2023-04-06,6791.55,7
684,684,684,684,684,2023-06-24,5901.68,15
685,685,685,685,685,2023-08-19,5453.81,26
686,686,686,686,686,2021-03-10,4128.76,10
687,687,687,687,687,2022-12-09,1596.3,4
688,688,688,688,688,2023-02-28,6550.88,3
689,689,689,689,689,2023-03-08,4405.45,1
690,690,690,690,690,2023-12-11,8486.27,25
691,691,691,691,691,2023-03-15,1300.27,30
692,692,692,692,692,2021-10-15,5250.28,17
693,693,693,693,693,2022-02-12,7885.39,28
694,694,694,694,694,2024-04-14,9217.39,8
695,695,695,695,695,2023-12-13,3020.37,12
696,696,696,696,696,2022-01-02,7156.11,9
697,697,697,697,697,2020-10-22,2931.9,9
698,698,698,698,698,2023-06-01,3907.54,13
699,699,699,699,699,2024-08-11,8801.12,30
700,700,700,700,700,2023-07-01,7429.61,20
701,701,701,701,701,2021-01-27,6230.21,1
702,702,702,702,702,2022-09-30,5031.96,23
703,703,703,703,703,2021-09-19,469.36,4
704,704,704,704,704,2023-02-03,3966.82,21
705,705,705,705,705,2023-01-28,6285.54,25
706,706,706,706,706,2023-10-24,341.47,27
707,707,707,707,707,2023-11-13,1546.82,22
708,708,708,708,708,2020-12-07,4544.29,3
709,709,709,709,709,2022-07-11,2917.99,6
710,710,710,710,710,2023-06-04,8070.05,29
711,711,711,711,711,2022-06-12,8151.24,26
712,712,712,712,712,2024-05-24,7754.6,17
713,713,713,713,713,2023-04-02,869.64,16
714,714,714,714,714,2020-12-14,7485.35,16
715,715,715,715,715,2024-05-19,5855.57,5
716,716,716,716,716,2022-03-29,1084.28,4
717,717,717,717,717,2023-02-12,3720.07,11
718,718,718,718,718,2023-05-22,8978.53,25
719,719,719,719,719,2021-10-11,933.66,6
720,720,720,720,720,2021-02-04,8360.39,18
721,721,721,721,721,2023-09-20,4496.43,3
722,722,722,722,722,2022-10-02,6910.37,5
723,723,723,723,723,2024-04-27,3115.38,2
724,724,724,724,724,2022-02-17,4509.43,10
725,725,725,725,725,2020-11-02,8354.87,13
726,726,726,726,726,2022-10-13,8135.54,29
727,727,727,727,727,2022-03-16,9362.09,4
728,728,728,728,728,2024-07-24,2457.84,2
729,729,729,729,729,2022-03-09,1427.59,8
730,730,730,730,730,2021-05-06,5230.69,29
731,731,731,731,731,2023-12-01,8969.93,7
732,732,732,732,732,2023-12-24,4678.25,25
733,733,733,733,733,2024-08-29,3815.23,9
734,734,734,734,734,2022-11-29,9891.51,8
735,735,735,735,735,2020-12-24,290.68,5
736,736,736,736,736,2022-08-12,4537.44,25
737,737,737,737,737,2022-11-21,849.64,29
738,738,738,738,738,2024-10-03,4901.97,14
739,739,739,739,739,2021-03-10,811.07,28
740,740,740,740,740,2024-04-12,3699.17,10
741,741,741,741,741,2022-02-13,5699.74,10
742,742,742,742,742,2022-01-27,9127.51,27
743,743,743,743,743,2022-03-04,5174.51,12
744,744,744,744,744,2021-06-19,4356.98,14
745,745,745,745,745,2021-12-07,8395.46,16
746,746,746,746,746,2023-06-25,7790.03,20
747,747,747,747,747,2023-01-14,7749.28,16
748,748,748,748,748,2021-04-13,9643.12,20
749,749,749,749,749,2020-11-15,3357.16,28
750,750,750,750,750,2022-01-07,2525.54,10
751,751,751,751,751,2022-01-08,6901.65,24
752,752,752,752,752,2023-12-20,422.74,9
753,753,753,753,753,2024-08-20,5602.39,5
754,754,754,754,754,2023-09-30,9537.24,9
755,755,755,755,755,2021-04-25,9101.06,17
756,756,756,756,756,2023-12-21,396.4,3
757,757,757,757,757,2023-04-07,1481.78,30
758,758,758,758,758,2020-11-25,3590.38,24
759,759,759,759,759,2021-05-19,4468.0,7
760,760,760,760,760,2020-10-27,6634.31,4
761,761,761,761,761,2021-05-26,5340.18,16
762,762,762,762,762,2023-12-19,5144.66,23
763,763,763,763,763,2024-01-16,4220.55,4
764,764,764,764,764,2024-06-26,9144.93,26
765,765,765,765,765,2023-08-21,4992.89,19
766,766,766,766,766,2021-07-29,1233.18,30
767,767,767,767,767,2020-11-12,4113.45,16
768,768,768,768,768,2023-05-13,4714.01,12
769,769,769,769,769,2022-01-31,4112.64,12
770,770,770,770,770,2021-11-06,905.18,1
771,771,771,771,771,2022-08-27,548.4,13
772,772,772,772,772,2022-01-22,6095.26,26
773,773,773,773,773,2022-11-30,2430.64,24
774,774,774,774,774,2024-02-15,5940.9,11
775,775,775,775,775,2022-08-22,8500.1,28
776,776,776,776,776,2023-10-24,3933.54,25
777,777,777,777,777,2024-01-01,4076.45,21
778,778,778,778,778,2021-10-04,5279.19,10
779,779,779,779,779,2022-04-17,9604.45,9
780,780,780,780,780,2024-09-08,848.69,27
781,781,781,781,781,2022-07-20,5566.04,13
782,782,782,782,782,2022-07-10,3121.82,16
783,783,783,783,783,2024-02-07,3118.89,24
784,784,784,784,784,2022-02-10,230.29,28
785,785,785,785,785,2020-10-14,5172.71,17
786,786,786,786,786,2022-03-23,6447.09,25
787,787,787,787,787,2024-02-23,5666.68,17
788,788,788,788,788,2021-11-25,8978.36,13
789,789,789,789,789,2023-01-17,5746.83,22
790,790,790,790,790,2021-07-10,1751.69,17
791,791,791,791,791,2022-02-11,6938.24,18
792,792,792,792,792,2023-06-15,2410.43,4
793,793,793,793,793,2022-12-14,3982.88,13
794,794,794,794,794,2022-04-22,6258.39,9
795,795,795,795,795,2023-12-23,5101.72,15
796,796,796,796,796,2023-12-28,8117.45,9
797,797,797,797,797,2021-06-28,9016.69,8
798,798,798,798,798,2022-01-27,5560.39,14
799,799,799,799,799,2024-03-28,2555.69,20
800,800,800,800,800,2021-12-13,7282.07,21
801,801,801,801,801,2022-10-02,4346.17,13
802,802,802,802,802,2023-07-21,2430.71,11
803,803,803,803,803,2020-10-26,8573.34,6
804,804,804,804,804,2021-06-29,7657.74,10
805,805,805,805,805,2024-08-13,2388.87,6
806,806,806,806,806,2024-01-30,502.75,8
807,807,807,807,807,2020-12-21,6938.21,12
808,808,808,808,808,2021-02-04,5729.67,3
809,809,809,809,809,2023-11-09,6217.36,22
810,810,810,810,810,2023-01-28,3590.01,21
811,811,811,811,811,2024-01-06,8889.14,8
812,812,812,812,812,2024-10-05,2750.36,7
813,813,813,813,813,2021-10-04,274.24,13
814,814,814,814,814,2024-09-26,7964.9,11
815,815,815,815,815,2022-05-27,6793.22,23
816,816,816,816,816,2021-06-13,5171.51,17
817,817,817,817,817,2023-10-08,312.33,23
818,818,818,818,818,2021-11-11,794.52,5
819,819,819,819,819,2024-02-07,1782.42,3
820,820,820,820,820,2023-12-16,4599.03,19
821,821,821,821,821,2021-04-08,7077.46,15
822,822,822,822,822,2022-07-21,1106.88,7
823,823,823,823,823,2020-11-25,1183.69,28
824,824,824,824,824,2021-09-08,6480.31,27
825,825,825,825,825,2023-03-13,4749.44,8
826,826,826,826,826,2021-09-04,4551.44,29
827,827,827,827,827,2021-11-30,1122.14,25
828,828,828,828,828,2023-06-10,2998.68,11
829,829,829,829,829,2023-04-10,8855.91,14
830,830,830,830,830,2023-02-28,6003.54,1
831,831,831,831,831,2023-05-21,8583.23,29
832,832,832,832,832,2021-04-11,6794.74,25
833,833,833,833,833,2024-07-26,4183.55,8
834,834,834,834,834,2021-09-22,7790.91,13
835,835,835,835,835,2021-12-22,4462.08,9
836,836,836,836,836,2024-09-22,3127.92,20
837,837,837,837,837,2024-03-31,5522.11,9
838,838,838,838,838,2024-05-15,202.29,1
839,839,839,839,839,2021-07-15,1181.58,4
840,840,840,840,840,2021-02-28,857.43,9
841,841,841,841,841,2021-10-02,5962.36,27
842,842,842,842,842,2021-08-04,2706.16,30
843,843,843,843,843,2024-05-07,1321.57,27
844,844,844,844,844,2022-06-27,1014.38,3
845,845,845,845,845,2023-03-04,7047.94,15
846,846,846,846,846,2021-08-31,9426.08,24
847,847,847,847,847,2022-03-11,2688.58,3
848,848,848,848,848,2021-05-10,5451.45,14
849,849,849,849,849,2021-08-31,415.12,19
850,850,850,850,850,2022-01-18,8563.06,20
851,851,851,851,851,2022-07-20,7666.62,6
852,852,852,852,852,2023-05-04,7493.13,23
853,853,853,853,853,2023-03-21,6279.1,24
854,854,854,854,854,2021-12-18,7329.64,7
855,855,855,855,855,2021-04-21,9764.95,26
856,856,856,856,856,2021-12-02,5671.28,1
857,857,857,857,857,2024-04-30,2793.49,20
858,858,858,858,858,2022-01-28,2441.56,25
859,859,859,859,859,2023-11-02,9500.14,28
860,860,860,860,860,2024-09-25,7257.07,19
861,861,861,861,861,2022-12-06,8921.0,30
862,862,862,862,862,2023-06-08,9221.92,3
863,863,863,863,863,2024-06-26,3694.13,11
864,864,864,864,864,2024-08-31,4606.13,24
865,865,865,865,865,2022-09-13,1272.76,19
866,866,866,866,866,2022-07-08,8607.46,20
867,867,867,867,867,2023-03-10,613.72,15
868,868,868,868,868,2024-01-06,7168.19,28
869,869,869,869,869,2023-12-11,2697.09,22
870,870,870,870,870,2022-11-16,2511.36,2
871,871,871,871,871,2024-05-05,3603.99,3
872,872,872,872,872,2021-02-16,6180.33,17
873,873,873,873,873,2023-05-22,9192.0,3
874,874,874,874,874,2021-07-17,1388.5,17
875,875,875,875,875,2021-03-12,7957.49,22
876,876,876,876,876,2022-05-01,8639.42,4
877,877,877,877,877,2024-04-09,823.81,4
878,878,878,878,878,2023-06-07,1547.44,30
879,879,879,879,879,2024-03-31,9498.53,24
880,880,880,880,880,2023-10-27,760.51,22
881,881,881,881,881,2021-08-21,4601.86,12
882,882,882,882,882,2021-07-04,3630.12,10
883,883,883,883,883,2022-02-28,6192.69,20
884,884,884,884,884,2023-09-12,1982.42,11
885,885,885,885,885,2023-06-01,7962.5,2
886,886,886,886,886,2021-02-12,4013.9,24
887,887,887,887,887,2023-01-28,2630.56,19
888,888,888,888,888,2021-07-07,9493.81,29
889,889,889,889,889,2023-03-11,1684.76,18
890,890,890,890,890,2021-11-15,9209.16,3
891,891,891,891,891,2020-10-10,255.92,18
892,892,892,892,892,2021-05-28,457.15,9
893,893,893,893,893,2024-05-27,6658.1,21
894,894,894,894,894,2023-02-05,1176.62,3
895,895,895,895,895,2023-09-16,4770.18,2
896,896,896,896,896,2024-01-12,5826.87,3
897,897,897,897,897,2024-01-08,4768.96,15
898,898,898,898,898,2021-10-12,3225.21,11
899,899,899,899,899,2022-07-05,9619.39,11
900,900,900,900,900,2022-05-30,4910.81,6
901,901,901,901,901,2023-12-27,8727.89,10
902,902,902,902,902,2024-03-19,8635.9,11
903,903,903,903,903,2022-01-31,7116.59,18
904,904,904,904,904,2023-11-18,9130.98,21
905,905,905,905,905,2023-06-17,9275.87,17
906,906,906,906,906,2021-12-08,3424.51,21
907,907,907,907,907,2023-07-15,9001.06,20
908,908,908,908,908,2024-09-12,2490.49,22
909,909,909,909,909,2022-10-23,9839.12,30
910,910,910,910,910,2024-07-13,3724.66,24
911,911,911,911,911,2022-10-22,1288.33,30
912,912,912,912,912,2024-02-08,6890.66,25
913,913,913,913,913,2024-04-28,9420.37,18
914,914,914,914,914,2023-12-12,602.21,10
915,915,915,915,915,2023-12-25,3354.29,7
916,916,916,916,916,2021-11-11,4249.03,23
917,917,917,917,917,2021-01-26,8619.56,10
918,918,918,918,918,2024-02-19,7260.47,30
919,919,919,919,919,2021-10-15,930.64,26
920,920,920,920,920,2020-10-15,8699.44,26
921,921,921,921,921,2022-03-14,5739.43,1
922,922,922,922,922,2021-07-06,4519.43,19
923,923,923,923,923,2023-02-19,6306.88,7
924,924,924,924,924,2022-11-05,2558.49,21
925,925,925,925,925,2023-09-23,9776.4,19
926,926,926,926,926,2021-07-17,6882.1,17
927,927,927,927,927,2023-10-18,1146.51,17
928,928,928,928,928,2022-08-01,1457.66,20
929,929,929,929,929,2021-07-25,458.68,30
930,930,930,930,930,2022-07-31,1537.89,2
931,931,931,931,931,2021-05-16,6492.4,12
932,932,932,932,932,2022-05-16,9184.63,22
933,933,933,933,933,2024-01-22,9063.14,4
934,934,934,934,934,2020-12-05,9191.59,6
935,935,935,935,935,2024-07-12,5057.43,2
936,936,936,936,936,2021-03-07,5071.82,3
937,937,937,937,937,2022-01-05,9343.69,1
938,938,938,938,938,2021-08-20,1813.2,4
939,939,939,939,939,2021-04-24,735.55,25
940,940,940,940,940,2022-10-29,3104.09,26
941,941,941,941,941,2022-12-28,8456.54,7
942,942,942,942,942,2021-03-10,5850.47,19
943,943,943,943,943,2021-05-13,5895.6,16
944,944,944,944,944,2021-10-16,5080.1,7
945,945,945,945,945,2023-09-28,2978.87,12
946,946,946,946,946,2023-11-26,8567.69,6
947,947,947,947,947,2022-09-01,6866.71,2
948,948,948,948,948,2021-01-17,4409.84,21
949,949,949,949,949,2021-06-15,3930.78,15
950,950,950,950,950,2024-04-03,2672.33,2
951,951,951,951,951,2023-08-07,8507.85,21
952,952,952,952,952,2022-08-27,2590.27,20
953,953,953,953,953,2024-08-20,8058.05,30
954,954,954,954,954,2023-02-24,1700.55,19
955,955,955,955,955,2021-10-04,9241.46,5
956,956,956,956,956,2021-04-01,3249.32,9
957,957,957,957,957,2023-07-18,234.36,8
958,958,958,958,958,2022-09-12,4634.0,10
959,959,959,959,959,2023-04-21,3766.6,22
960,960,960,960,960,2023-10-07,685.41,2
961,961,961,961,961,2022-03-27,8793.91,17
962,962,962,962,962,2023-09-05,1850.47,11
963,963,963,963,963,2024-07-03,1622.93,30
964,964,964,964,964,2023-12-10,2273.3,23
965,965,965,965,965,2022-08-02,5170.37,16
966,966,966,966,966,2024-02-28,2027.52,9
967,967,967,967,967,2024-10-05,5575.67,28
968,968,968,968,968,2023-05-17,5164.05,7
969,969,969,969,969,2024-02-29,8808.43,12
970,970,970,970,970,2023-10-06,883.41,26
971,971,971,971,971,2022-05-22,827.44,6
972,972,972,972,972,2024-10-04,8481.36,8
973,973,973,973,973,2021-04-06,2153.35,10
974,974,974,974,974,2020-12-12,6522.01,20
975,975,975,975,975,2023-05-01,5109.04,2
976,976,976,976,976,2024-01-23,6821.11,1
977,977,977,977,977,2020-12-14,8113.18,27
978,978,978,978,978,2023-06-09,2536.99,29
979,979,979,979,979,2022-03-06,8313.89,1
980,980,980,980,980,2020-10-30,5999.5,20
981,981,981,981,981,2022-04-13,1167.85,15
982,982,982,982,982,2024-05-21,8195.17,4
983,983,983,983,983,2022-11-20,7854.7,21
984,984,984,984,984,2021-09-29,5889.8,4
985,985,985,985,985,2021-02-07,9900.92,9
986,986,986,986,986,2021-04-13,7616.22,29
987,987,987,987,987,2024-05-17,6049.19,3
988,988,988,988,988,2022-12-23,8388.97,5
989,989,989,989,989,2022-09-18,1929.8,3
990,990,990,990,990,2024-04-21,146.79,26
991,991,991,991,991,2023-10-09,3147.01,21
992,992,992,992,992,2022-09-27,2302.7,4
993,993,993,993,993,2021-03-03,4405.83,16
994,994,994,994,994,2023-03-09,1477.01,19
995,995,995,995,995,2022-07-24,3133.48,22
996,996,996,996,996,2021-09-16,7459.55,23
997,997,997,997,997,2022-07-02,5872.47,16
998,998,998,998,998,2023-08-18,3390.51,16
999,999,999,999,999,2022-08-16,1788.89,2
1000,1000,1000,1000,1000,2022-02-14,7064.21,4
